"","Sample","Eruption","Volume.km3.","num_min_age.wrt2000AD.","num_max_age.wrt2000AD.","Reference","Zone","SiO2","TiO2","Al2O3","FeOt","MgO","CaO","Na2O","K2O"
"1","H16","Laxarhraun_yngra",2.5,2100,2100,"Kokfelt2006","NNVZ",49.41,1.53,14.94,11.25,7.52,12.75,2.08,0.16
"2","b1","Reykjaheidi",NA,0,5000,"Hemond1993","NNVZ",48.731,0.887,19.37,9.012,6.729,13.253,1.723,0.071
"3","l9358","Storavitishraun",18.4,11300,11300,"Slater2001","NNVZ",49.49,0.95,15.27,10.05,8.81,13.21,1.9,0.07
"4","l9372","Arnahvammurhraun",0.01,8500,10300,"Slater2001Stracke2003a","NNVZ",48.25,0.78,15.46,9.56,11.24,12.75,1.7,0.04
"5","TH13elliott","Skessuhraun",0.01,8500,10300,"Slater2001Elliott1991","NNVZ",48.79,0.97,15.07,10.24,9.76,13.23,1.65,0.06
"6","TH13id","Skessuhraun",0.01,8500,10300,"Slater2001","NNVZ",48.89,0.96,14.96,9.54,9.29,14.18,1.85,0.05
"7","l9338","Storavitishraun",18.4,11300,11300,"Slater2001","NNVZ",48.91,0.82,16.55,9.27,8.82,13.55,1.8,0.06
"8","408643","Arnahvammurhraun",0.01,8500,10300,"Skovgaard2001Breddam2000Peate2010","NNVZ",48.103,0.775,14.684,9.931,12.543,11.994,1.704,0.035
"9","l9371","Arnahvammurhraun",0.01,8500,10300,"Slater2001Stracke2003a","NNVZ",48.81,0.83,15.45,9.9,9.84,13.13,1.77,0.05
"10","l9378","Arnahvammurhraun",0.01,8500,10300,"Slater2001Stracke2003a","NNVZ",48.83,0.85,15.4,10.08,9.68,13.09,1.78,0.05
"11","9377","Hoefuheidharmuli",NA,0,12000,"Stracke2003a","NNVZ",48.422,0.806,14.893,9.234,12.322,12.363,1.683,0.042
"12","9370","Hoefuheidharmuli",NA,0,12000,"Stracke2003a","NNVZ",47.808,0.742,14.508,9.389,13.635,11.99,1.706,0.031
"13","TH8",NA,NA,0,10000,"Elliott1991","NNVZ",48.033,0.76,15.09,9.484,12.507,12.427,1.452,0.033
"14","th29","Hofudrhaun",NA,0,5000,"Hemond1993Fitton2003","NNVZ",47.878,0.506,13.525,8.286,15.865,12.608,1.14,0.011
"15","IC-152","Krafla",NA,12000,70000,"Kurz1985","NNVZ",49.845,1.043,16.13,9.329,8.667,12.719,1.986,0.15
"16","l9390","Picrites",0.01,10300,12000,"Slater2001Stracke2003a","NNVZ",46.32,0.42,11.11,8.9,21.65,10.3,1.11,0.01
"17","l9397","Picrites",0.01,10300,12000,"Slater2001Stracke2003a","NNVZ",46.66,0.46,11.66,8.85,20.23,10.72,1.23,0.01
"18","9376","Hoefuheidharmuli",NA,0,12000,"Stracke2003a","NNVZ",48.328,1.005,14.776,10.483,10.956,12.333,1.799,0.068
"19","9476","Hoefuheidharmuli",NA,0,12000,"Stracke2003a","NNVZ",48.2,0.769,14.975,9.459,12.16,12.4,1.807,0.04
"20","408634","Picrites",0.01,10300,12000,"Skovgaard2001Breddam2000Peate2010","NNVZ",45.727,0.384,9.973,8.96,24.438,9.346,0.971,0.016
"21","408635","Picrites",0.01,10300,12000,"Skovgaard2001Breddam2000Peate2010","NNVZ",46.701,0.368,12.161,8.028,20.229,11.245,1.082,0.015
"22","TH29","Picrites",0.01,10300,12000,"Skovgaard2001Peate2010","NNVZ",47.88,0.506,13.526,8.282,15.866,12.608,1.14,0.011
"23","l9391","Picrites",0.01,10300,12000,"Slater2001Stracke2003a","NNVZ",46.68,0.46,11.68,8.9,20.19,10.71,1.17,0.01
"24","TH29elliott","Picrites",0.01,10300,12000,"Slater2001Thirlwall2004","NNVZ",47.88,0.5,13.53,8.29,15.87,12.61,1.14,0.01
"25","TH29id","Picrites",0.01,10300,12000,"Slater2001","NNVZ",45.88,0.44,11.27,8.09,20.24,12.68,1.21,0.01
"26","9381","Picrites",0.01,10300,12000,"Stracke2003a","NNVZ",47.02,0.502,12.087,8.941,18.758,11.283,1.206,0.012
"27","l9389","Storavitishraun",18.4,11300,11300,"Slater2001Stracke2003a","NNVZ",49,0.82,17.49,8.95,7.85,13.83,1.79,0.05
"28","TH03xrf","Storavitishraun",18.4,11300,11300,"Slater2001","NNVZ",48.83,0.95,15.14,10.34,9.97,12.52,1.92,0.09
"29","THO5xrf","Storavitishraun",18.4,11300,11300,"Slater2001","NNVZ",48.8,1.07,16.4,9.79,7.26,14.06,2.21,0.12
"30","9395","Hoefuheidharmuli",NA,0,12000,"Stracke2003a","NNVZ",48.388,0.762,15.067,9.462,11.698,12.671,1.724,0.038
"31","ICE-6","Picrites",NA,NA,NA,"Brandon2007Nielsen2007Debaille2009","NNVZ",47.794,0.831,14.96,9.612,12.589,12.206,1.725,0.05
"32","l9388","Storavitishraun",18.4,11300,11300,"Slater2001","NNVZ",49.01,0.81,17.33,8.86,8.15,13.85,1.73,0.05
"33","l9385","Storavitishraun",18.4,11300,11300,"Slater2001Stracke2003a","NNVZ",49.01,0.86,16.77,9.24,8.35,13.65,1.83,0.05
"34","FH9825","Borgarhraun",0.9,8500,10300,"Maclennan2003","NNVZ",48.578,0.649,13.905,9.311,13.247,12.588,1.459,0.041
"35","FH9826","Borgarhraun",0.9,8500,10300,"Maclennan2003","NNVZ",48.632,0.703,14.52,9.433,12.08,12.703,1.657,0.05
"36","FH9827","Borgarhraun",0.9,8500,10300,"Maclennan2003","NNVZ",48.924,0.714,14.776,9.214,11.326,13.106,1.66,0.06
"37","FH9828","Borgarhraun",0.9,8500,10300,"Maclennan2003","NNVZ",48.913,0.692,14.84,9.203,11.511,12.895,1.675,0.05
"38","FH9829","Borgarhraun",0.9,8500,10300,"Maclennan2003","NNVZ",48.898,0.715,14.709,9.403,11.366,12.987,1.641,0.06
"39","FH9847","Borgarhraun",0.9,8500,10300,"Maclennan2003","NNVZ",49.058,0.675,15.064,9.133,10.764,13.342,1.692,0.05
"40","FH9843","Borgarhraun",0.9,8500,10300,"Maclennan2003","NNVZ",48.717,0.716,14.679,9.453,11.554,12.905,1.694,0.06
"41","FH9845","Borgarhraun",0.9,8500,10300,"Maclennan2003","NNVZ",48.469,0.665,13.924,9.386,13.3,12.454,1.53,0.05
"42","FH9844","Borgarhraun",0.9,8500,10300,"Maclennan2003","NNVZ",48.727,0.707,14.417,9.445,12.033,12.74,1.657,0.051
"43","FH9842","Borgarhraun",0.9,8500,10300,"Maclennan2003","NNVZ",48.761,0.633,14.7,9.059,11.987,13.032,1.557,0.05
"44","FH9846","Borgarhraun",0.9,8500,10300,"Maclennan2003","NNVZ",49.029,0.631,14.918,8.91,11.484,13.186,1.582,0.05
"45","l9335","Borgarhraun",0.9,8500,10300,"Slater2001","NNVZ",48.43,0.66,13.72,9.26,13.72,12.44,1.51,0.05
"46","l9409","Borgarhraun",0.9,8500,10300,"Slater2001Stracke2003a","NNVZ",48.94,0.61,14.6,8.98,12.17,12.96,1.51,0.05
"47","l9435","Borgarhraun",0.9,8500,10300,"Slater2001Stracke2003a","NNVZ",48.62,0.65,13.68,9.16,13.46,12.62,1.58,0.05
"48","TH40elliott","Borgarhraun",0.9,8500,10300,"Slater2001Elliott1991","NNVZ",47.53,0.56,11.48,9.33,18.9,10.84,1.11,0.04
"49","TH40xrf","Borgarhraun",0.9,8500,10300,"Slater2001","NNVZ",48.4,0.69,13.57,9.22,13.8,12.39,1.7,0.05
"50","IT5",NA,NA,0,10000,"Elliott1991","NNVZ",47.273,0.726,13.274,9.977,15.952,11.199,1.36,0.035
"51","IT6","Theistareykirhraun",NA,4000,4900,"Thirlwall2004","NNVZ",48.378,0.881,15.608,9.578,10.565,13.086,1.635,0.045
"52","IT2","Theistareykirhraun",NA,4000,4900,"Thirlwall2004","NNVZ",NA,NA,NA,NA,8.1,NA,NA,NA
"53","l9383","Theistareykirhraun",0.6,4000,4900,"Slater2001Stracke2003a","NNVZ",49.44,1.02,16.66,10.3,7.44,12.7,2.07,0.11
"54","IT2elliott","Theistareykirhraun",0.6,4000,4900,"Slater2001Elliott1991","NNVZ",49.44,1.11,15.61,10.84,8.05,12.59,1.98,0.11
"55","l9341","Theistareykirhraun",0.6,4000,4900,"Slater2001","NNVZ",49.7,1.14,15.17,11.29,7.73,12.44,2.13,0.12
"56","FH9841","Borgarhraun",0.9,8500,10300,"Maclennan2003","NNVZ",49.016,0.664,15.111,9.095,11.023,13.188,1.631,0.05
"57","FH9864","Borgarhraun",0.9,8500,10300,"Maclennan2003","NNVZ",48.699,0.693,14.378,9.294,12.217,12.85,1.598,0.05
"58","FH9848","Borgarhraun",0.9,8500,10300,"Maclennan2003","NNVZ",49.087,0.663,15.063,9.232,10.712,13.365,1.608,0.05
"59","FH9863","Borgarhraun",0.9,8500,10300,"Maclennan2003","NNVZ",48.752,0.697,14.24,9.266,12.299,12.805,1.668,0.051
"60","FH9865","Borgarhraun",0.9,8500,10300,"Maclennan2003","NNVZ",48.688,0.697,14.295,9.438,12.175,12.831,1.605,0.05
"61","l9499","Bondholshraun",0.2,8500,10300,"Slater2001Stracke2003a","NNVZ",49.38,0.68,14.83,9.43,11.38,12.26,1.78,0.07
"62","FH9849","Borgarhraun",0.9,8500,10300,"Maclennan2003","NNVZ",48.882,0.615,14.72,8.824,11.784,13.348,1.574,0.05
"63","l94116","Theistareykirhraun",0.6,4000,4900,"Slater2001Stracke2003a","NNVZ",49.77,1.14,14.89,11.21,8.1,12.28,2.22,0.12
"64","FH9831","Borgarhraun",0.9,8500,10300,"Maclennan2003","NNVZ",48.966,0.654,14.96,9.095,11.305,13.148,1.611,0.05
"65","FH9830","Borgarhraun",0.9,8500,10300,"Maclennan2003","NNVZ",48.951,0.71,14.897,9.39,11.054,13.102,1.623,0.051
"66","FH9866","Borgarhraun",0.9,8500,10300,"Maclennan2003","NNVZ",48.619,0.691,14.741,9.2,12.027,12.798,1.652,0.05
"67","FH9833","Borgarhraun",0.9,8500,10300,"Maclennan2003","NNVZ",48.78,0.625,14.807,9.067,11.842,13.062,1.553,0.05
"68","FH9834","Borgarhraun",0.9,8500,10300,"Maclennan2003","NNVZ",48.905,0.641,15.012,9.126,11.354,13.088,1.603,0.05
"69","FH9850","Borgarhraun",0.9,8500,10300,"Maclennan2003","NNVZ",48.771,0.624,14.585,9.127,12.097,12.973,1.561,0.05
"70","l9332","Bondholshraun",0.2,8500,10300,"Slater2001Stracke2003a","NNVZ",49.24,0.69,15.15,9.63,10.79,12.45,1.74,0.08
"71","l9333","Bondholshraun",0.2,8500,10300,"Slater2001Stracke2003a","NNVZ",49.21,0.69,15.1,9.53,11.1,12.32,1.74,0.08
"72","FH9840","Borgarhraun",0.9,8500,10300,"Maclennan2003","NNVZ",48.633,0.694,14.588,9.424,11.882,12.817,1.69,0.05
"73","FH9851","Borgarhraun",0.9,8500,10300,"Maclennan2003","NNVZ",48.857,0.636,14.921,9.014,11.369,13.296,1.644,0.05
"74","FH9822","Borgarhraun",0.9,8500,10300,"Maclennan2003","NNVZ",48.862,0.729,14.314,9.224,12.108,12.837,1.657,0.05
"75","FH9823","Borgarhraun",0.9,8500,10300,"Maclennan2003","NNVZ",48.967,0.723,14.715,9.418,11.23,13.008,1.657,0.06
"76","FH9824","Borgarhraun",0.9,8500,10300,"Maclennan2003","NNVZ",48.858,0.722,14.801,9.318,11.329,13.015,1.686,0.05
"77","FH9820","Borgarhraun",0.9,8500,10300,"Maclennan2003","NNVZ",48.565,0.665,14.006,9.033,13,12.869,1.611,0.04
"78","FH9821","Borgarhraun",0.9,8500,10300,"Maclennan2003","NNVZ",48.887,0.717,14.791,9.394,11.288,13.004,1.636,0.061
"79","FH9819","Borgarhraun",0.9,8500,10300,"Maclennan2003","NNVZ",48.742,0.696,14.348,9.282,12.13,12.927,1.613,0.05
"80","l9339xrf","Storavitishraun",18.4,11300,11300,"Slater2001Stracke2003a","NNVZ",49.22,0.84,16.64,9.04,8.42,13.66,1.91,0.06
"81","FH9818","Borgarhraun",0.9,8500,10300,"Maclennan2003","NNVZ",48.883,0.723,14.577,9.323,11.475,13.041,1.707,0.05
"82","FH9835","Borgarhraun",0.9,8500,10300,"Maclennan2003","NNVZ",48.561,0.714,14.007,9.579,12.729,12.548,1.6,0.05
"83","FH9839","Borgarhraun",0.9,8500,10300,"Maclennan2003","NNVZ",48.741,0.694,14.565,9.352,11.861,12.846,1.669,0.05
"84","FH9877","Borgarhraun",0.9,8500,10300,"Maclennan2003","NNVZ",48.956,0.704,14.958,9.317,10.907,13.209,1.679,0.05
"85","FH9817","Borgarhraun",0.9,8500,10300,"Maclennan2003","NNVZ",48.709,0.684,14.193,9.266,12.391,12.854,1.641,0.05
"86","FH9836","Borgarhraun",0.9,8500,10300,"Maclennan2003","NNVZ",48.795,0.642,15.184,8.994,11.421,13.027,1.676,0.05
"87","FH9838","Borgarhraun",0.9,8500,10300,"Maclennan2003","NNVZ",48.716,0.642,14.904,9.121,11.973,12.826,1.556,0.05
"88","l9334","Bondholshraun",0.2,8500,10300,"Slater2001","NNVZ",49.15,0.64,15.33,9.3,11.14,12.39,1.75,0.08
"89","l9330xrf","Storavitishraun",18.4,11300,11300,"Slater2001Stracke2003a","NNVZ",48.72,0.89,15.43,10.04,10.22,12.53,1.84,0.09
"90","l9331","Storavitishraun",18.4,11300,11300,"Slater2001","NNVZ",49.3,0.99,15.25,10.47,8.86,12.93,1.85,0.1
"91","FH9814","Borgarhraun",0.9,8500,10300,"Maclennan2003","NNVZ",48.649,0.716,14.048,9.338,12.475,12.868,1.634,0.05
"92","FH9815","Borgarhraun",0.9,8500,10300,"Maclennan2003","NNVZ",48.621,0.715,13.969,9.4,12.621,12.762,1.64,0.05
"93","FH9837","Borgarhraun",0.9,8500,10300,"Maclennan2003","NNVZ",48.877,0.645,14.949,9.146,11.444,13.025,1.642,0.05
"94","FH9813","Borgarhraun",0.9,8500,10300,"Maclennan2003","NNVZ",48.501,0.692,13.946,9.299,12.943,12.732,1.615,0.05
"95","H127","Borgarhraun",0.9,8500,10300,"Kokfelt2006","NNVZ",49.31,0.72,14.87,9.4,11.04,13.16,1.21,0.06
"96","FH9875","Borgarhraun",0.9,8500,10300,"Maclennan2003","NNVZ",48.8,0.636,14.715,9.106,11.917,13.018,1.545,0.05
"97","FH9876","Borgarhraun",0.9,8500,10300,"Maclennan2003","NNVZ",48.857,0.639,15.254,8.988,11.428,13.026,1.548,0.05
"98","FH9853","Borgarhraun",0.9,8500,10300,"Maclennan2003","NNVZ",48.75,0.637,14.834,9.154,11.74,12.984,1.638,0.051
"99","l9374","Borgarhraun",0.9,8500,10300,"Slater2001","NNVZ",48.79,0.67,14.66,9.32,11.83,12.88,1.57,0.05
"100","l9359","Storavitishraun",18.4,11300,11300,"Slater2001Stracke2003a","NNVZ",48.81,0.77,17.66,8.55,8.44,13.74,1.77,0.05
"101","FH9810","Borgarhraun",0.9,8500,10300,"Maclennan2003","NNVZ",48.651,0.706,14.415,9.295,12.175,12.871,1.614,0.05
"102","FH9852","Borgarhraun",0.9,8500,10300,"Maclennan2003","NNVZ",48.854,0.676,14.757,9.328,11.477,12.97,1.676,0.05
"103","FH9801","Borgarhraun",0.9,8500,10300,"Maclennan2003","NNVZ",48.834,0.685,14.841,9.274,11.385,13.037,1.672,0.05
"104","FH9804","Borgarhraun",0.9,8500,10300,"Maclennan2003","NNVZ",48.619,0.679,14.845,9.419,11.917,12.727,1.51,0.051
"105","FH9867","Borgarhraun",0.9,8500,10300,"Maclennan2003","NNVZ",48.739,0.707,14.695,9.263,11.678,12.98,1.655,0.061
"106","FH9812","Borgarhraun",0.9,8500,10300,"Maclennan2003","NNVZ",48.874,0.721,14.759,9.398,11.206,13.074,1.685,0.051
"107","FH9872","Borgarhraun",0.9,8500,10300,"Maclennan2003","NNVZ",48.63,0.691,14.547,9.321,11.962,12.844,1.723,0.06
"108","l9369","Bondholshraun",0.2,8500,10300,"Slater2001","NNVZ",49.15,0.66,14.99,9.48,11.24,12.42,1.75,0.08
"109","FH9807","Borgarhraun",0.9,8500,10300,"Maclennan2003","NNVZ",49.272,0.699,14.881,9.306,10.728,13.139,1.682,0.071
"110","FH9873","Borgarhraun",0.9,8500,10300,"Maclennan2003","NNVZ",48.529,0.657,14.052,9.235,12.981,12.748,1.535,0.051
"111","FH9805","Borgarhraun",0.9,8500,10300,"Maclennan2003","NNVZ",48.859,0.685,14.826,9.271,11.462,12.993,1.632,0.05
"112","FH9871","Borgarhraun",0.9,8500,10300,"Maclennan2003","NNVZ",48.792,0.709,14.542,9.322,11.707,12.993,1.661,0.051
"113","FH9854","Borgarhraun",0.9,8500,10300,"Maclennan2003","NNVZ",48.563,0.695,14.035,9.392,12.816,12.645,1.582,0.05
"114","FH9874","Borgarhraun",0.9,8500,10300,"Maclennan2003","NNVZ",48.858,0.686,14.745,9.318,11.516,13.02,1.585,0.05
"115","H129","Bondholshraun",0.2,8500,10300,"Kokfelt2006","NNVZ",49.6,0.73,15.3,9.52,10.39,12.72,1.42,0.08
"116","l9351","Raudholl",0.01,12000,70000,"Maclennan2001","NNVZ",49.53,2.03,14.82,13.12,6.25,11.01,2.55,0.27
"117","l9351A","Raudholl",0.01,12000,70000,"Maclennan2001","NNVZ",49.78,2.01,14.93,12.97,6.15,10.87,2.58,0.27
"118","FH9808","Borgarhraun",0.9,8500,10300,"Maclennan2003","NNVZ",48.905,0.646,15.004,9.061,11.412,13.066,1.635,0.05
"119","IT7",NA,NA,0,10000,"Elliott1991","NNVZ",48.758,0.685,14.979,9.223,11.45,13.219,1.42,0.053
"120","FH9870","Borgarhraun",0.9,8500,10300,"Maclennan2003","NNVZ",48.784,0.627,15.054,8.989,11.83,12.786,1.672,0.05
"121","FH9855","Borgarhraun",0.9,8500,10300,"Maclennan2003","NNVZ",48.568,0.716,14.29,9.519,12.445,12.576,1.603,0.061
"122","l9360","Storavitishraun",18.4,11300,11300,"Slater2001","NNVZ",49.48,0.99,14.96,10.37,8.63,13.25,2,0.07
"123","FH9869","Borgarhraun",0.9,8500,10300,"Maclennan2003","NNVZ",48.481,0.675,13.994,9.183,13.027,12.755,1.622,0.05
"124","NV41","Prengslaborgir",NA,3000,3000,"Koornneef2012","NNVZ",49.407,1.555,14.295,11.382,7.824,12.781,2.221,0.162
"125","NV42","Elda",NA,280,280,"Koornneef2012","NNVZ",50.133,2.051,13.404,14.692,5.971,10.398,2.539,0.325
"126","K2@7",NA,NA,190000,210000,"Nicholson1991","NNVZ",74.89,0.47,12.32,3.22,0.37,1.84,3.97,2.77
"127","KK3@7",NA,NA,190000,210000,"Nicholson1991","NNVZ",74.42,0.35,12.14,3.95,0.19,1.99,4.19,2.6
"128","KK57@7",NA,NA,190000,210000,"Nicholson1991","NNVZ",74.78,0.32,12.18,3.72,0.12,1.88,4.22,2.65
"129","l9315","Kviholafjoll",0.06,12000,70000,"Maclennan2001","NNVZ",49.08,1.22,15.21,10.91,9.62,11.44,2.02,0.2
"130","l9361","Storavitishraun",18.4,11300,11300,"Slater2001","NNVZ",49.22,0.97,15.15,10.28,8.92,13.24,1.89,0.06
"131","FH9868","Borgarhraun",0.9,8500,10300,"Maclennan2003","NNVZ",48.738,0.736,14.31,9.482,11.91,12.908,1.634,0.05
"132","KK4@7",NA,NA,190000,210000,"Nicholson1991","NNVZ",50.64,1.19,14.13,11.26,7.72,12.56,2.07,0.13
"133","Krafla_4","Myvatnseldar",0.25,271,271,NA,"NNVZ",50.39,2.056,13.54,14.37,5.88,10.5,2.48,0.34
"134","Krafla_3","Myvatnseldar",0.25,271,271,NA,"NNVZ",50.24,2.089,13.57,14.41,5.95,10.47,2.47,0.34
"135","FH9856","Borgarhraun",0.9,8500,10300,"Maclennan2003","NNVZ",48.58,0.714,14.444,9.424,12.203,12.685,1.669,0.06
"136","l9497","Bondholshraun",0.2,8500,10300,"Slater2001","NNVZ",49.34,0.72,15.16,9.54,10.69,12.41,1.84,0.08
"137","l9463","Gaesafjoll",7,12000,70000,"Maclennan2001","NNVZ",47,1.68,14.57,11.47,11.88,11.08,1.83,0.15
"138","l9491","Gaesafjoll",7,12000,70000,"Maclennan2001","NNVZ",48.07,1.97,15.23,11.6,8.9,11.68,2,0.17
"139","KK151","Gaesafjoll",7,12000,70000,"Maclennan2001","NNVZ",47.66,2.11,15.08,12.02,8.38,12.25,1.9,0.17
"140","KK30","Gaesafjoll",7,12000,70000,"Maclennan2001","NNVZ",47.52,1.92,15.02,11.68,9.56,11.66,2.04,0.2
"141","l9316","Kviholafjoll",0.06,12000,70000,"Maclennan2001","NNVZ",48.96,1.24,14.97,11.05,9.8,11.5,1.97,0.2
"142","l9320","Baejarfjall",1,12000,70000,"Maclennan2001","NNVZ",48.78,1.47,15.76,10.89,8.79,11.71,2.03,0.22
"143","H125","Ketilfjall",0.06,12000,70000,"Kokfelt2006","NNVZ",50.11,0.94,15.35,11.01,8.49,12.01,1.67,0.13
"144","l9352","Storavitishraun",18.4,11300,11300,"Slater2001","NNVZ",49.04,0.74,17.24,8.8,8.28,13.89,1.76,0.04
"145","GAE01","Gaesafjoll",7,12000,70000,"Maclennan2004","NNVZ",46.971,1.633,14.693,11.308,12.043,11.065,1.753,0.158
"146","GAE02","Gaesafjoll",7,12000,70000,"Maclennan2004","NNVZ",47.846,1.943,15.431,11.362,8.797,12.078,1.94,0.188
"147","GAE03","Gaesafjoll",7,12000,70000,"Maclennan2004","NNVZ",47.972,2.051,15.068,11.647,8.576,12.109,1.953,0.195
"148","GAE13","Gaesafjoll",7,12000,70000,"Maclennan2004","NNVZ",47.275,1.76,15.391,11.152,10.446,11.556,1.867,0.172
"149","408718","Gaesafjoll",7,12000,70000,"Breddam2000Peate2010","NNVZ",47.93,2.027,14.92,11.641,8.357,11.96,2.05,0.205
"150","408719","Gaesafjoll",7,12000,70000,"Breddam2000Peate2010","NNVZ",47.85,2.024,15.08,11.502,8.187,12.03,2.04,0.202
"151","GAE12","Gaesafjoll",7,12000,70000,"Maclennan2004","NNVZ",47.443,1.752,15.408,11.121,10.225,11.634,1.852,0.178
"152","408722","Gaesafjoll",7,12000,70000,"Breddam2000Peate2010","NNVZ",47.94,2.019,15.05,11.552,8.17,11.99,2.01,0.202
"153","408723","Gaesafjoll",7,12000,70000,"Breddam2000Peate2010","NNVZ",47.74,2.013,15.04,11.553,8.383,11.98,2.02,0.199
"154","GAE11","Gaesafjoll",7,12000,70000,"Maclennan2004","NNVZ",48.082,2.182,14.742,12.002,8.229,12.137,1.969,0.208
"155","I646","Kroflueldar",0.25,25,35,"Thirlwall2004","NNVZ",NA,NA,NA,NA,6,NA,NA,NA
"156","KK1@7",NA,NA,190000,210000,"Nicholson1991","NNVZ",50.2,1.61,13.84,13.82,6.61,11.06,2.35,0.14
"157","l9363","Gaesafjoll",7,12000,70000,"Maclennan2001","NNVZ",46.93,2.09,14.61,12.9,9.12,11.75,2.01,0.2
"158","l9362","Gaesafjoll",7,12000,70000,"Maclennan2001","NNVZ",46.87,1.83,14.05,12.1,11.74,11.01,1.85,0.17
"159","IC44A","Gaesafjoll",7,12000,70000,"Hardarson1997","NNVZ",47.19,1.85,15.09,11.63,10.3,11.39,2,0.16
"160","IC44B","Gaesafjoll",7,12000,70000,"Hardarson1997","NNVZ",47,1.67,15.34,11.12,11.17,11.21,2.01,0.15
"161","IC44C","Gaesafjoll",7,12000,70000,"Hardarson1997","NNVZ",46.21,1.57,13.43,12.1,14.41,10.04,1.74,0.14
"162","l9318","Kviholafjoll",0.06,12000,70000,"Maclennan2001","NNVZ",48.78,1.26,15.09,11.01,9.97,11.43,1.94,0.2
"163","l9317","Kviholafjoll",0.06,12000,70000,"Maclennan2001","NNVZ",48.73,1.33,15.06,10.95,9.86,11.64,1.92,0.18
"164","l9319","Baejarfjall",1,12000,70000,"Maclennan2001","NNVZ",48.97,1.71,14.93,11.78,8.01,11.77,2.19,0.26
"165","l9424A","Thorunnarfjoll",0.2,12000,70000,"Maclennan2001","NNVZ",48.49,2.1,14.45,13,8.08,10.81,2.37,0.27
"166","408653","Klappahraun",NA,0,12000,"Skovgaard2001Peate2010","NNVZ",49.14,0.425,15.915,7.942,11.355,13.551,1.462,0.024
"167","GAE08","Gaesafjoll",7,12000,70000,"Maclennan2004","NNVZ",47.789,1.844,15.856,11.076,8.973,11.957,1.919,0.186
"168","GAE09","Gaesafjoll",7,12000,70000,"Maclennan2004","NNVZ",47.02,1.607,15.566,10.928,11.32,11.259,1.791,0.15
"169","GAE10","Gaesafjoll",7,12000,70000,"Maclennan2004","NNVZ",47.677,1.847,15.578,11.201,9.409,11.826,1.886,0.18
"170","GAE07","Gaesafjoll",7,12000,70000,"Maclennan2004","NNVZ",47.795,1.807,15.894,11.047,9.078,11.91,1.895,0.179
"171","GAE27","Gaesafjoll",7,12000,70000,"Maclennan2004","NNVZ",48.127,2.12,15.212,11.728,7.722,12.391,2.089,0.185
"172","GAE04","Gaesafjoll",7,12000,70000,"Maclennan2004","NNVZ",47.816,1.939,15.573,11.353,8.757,12.064,1.9,0.184
"173","GAE05","Gaesafjoll",7,12000,70000,"Maclennan2004","NNVZ",47.041,1.652,15.381,11.036,11.286,11.246,1.838,0.157
"174","GAE06","Gaesafjoll",7,12000,70000,"Maclennan2004","NNVZ",47.936,1.954,15.508,11.35,8.651,12.029,1.966,0.193
"175","KK155@7",NA,NA,190000,210000,"Nicholson1991","NNVZ",50.69,1.84,13.98,12.36,6.82,11.47,2.1,0.31
"176","GAE26","Gaesafjoll",7,12000,70000,"Maclennan2004","NNVZ",47.901,1.971,15.655,11.316,8.331,12.234,2.012,0.174
"177","l9350","Ketilfjall",0.06,12000,70000,"Maclennan2001","NNVZ",49.97,1.65,15.81,12.25,5.95,11.56,2.27,0.14
"178","l94110","Ketilfjall",0.06,12000,70000,"Maclennan2001","NNVZ",49.77,1.61,16.2,11.92,5.96,11.72,2.24,0.22
"179","H17","Flaedar",NA,1150,12000,"Kokfelt2006","NNVZ",50.13,0.98,14.99,11.35,8.06,12.08,1.96,0.14
"180","KK159@7",NA,NA,190000,210000,"Nicholson1991","NNVZ",50.52,1.78,14.09,12.79,6.42,11.42,2.29,0.27
"181","KK160@7",NA,NA,190000,210000,"Nicholson1991","NNVZ",50.64,1.86,13.13,15.39,5.76,9.98,2.51,0.31
"182","KK161@7",NA,NA,190000,210000,"Nicholson1991","NNVZ",50.22,1.45,14.74,10.93,7.07,13.09,2.01,0.15
"183","KK162@7",NA,NA,190000,210000,"Nicholson1991","NNVZ",58.51,1.66,13.57,10.52,3.49,7.36,3.21,1.17
"184","l9366","Draugarhraun",0.1,10300,12000,"Nicholson1991","NNVZ",51.09,2.02,13.38,14.77,5.49,9.73,2.65,0.42
"185","l9310","Borgarhraun",0.9,8500,10300,"Slater2001","NNVZ",48.52,0.71,13.97,9.44,12.7,12.81,1.58,0.05
"186","IT3a","Theistareykirhraun",NA,4000,4900,"Thirlwall2004","NNVZ",NA,NA,NA,NA,9.1,NA,NA,NA
"187","l9309","Borgarhraun",0.9,8500,10300,"Slater2001Stracke2003a","NNVZ",48.3,0.8,14.37,9.93,12.33,12.28,1.71,0.06
"188","FH9860","Borgarhraun",0.9,8500,10300,"Maclennan2003","NNVZ",48.477,0.785,14.538,9.811,11.86,12.474,1.762,0.06
"189","l9356","Langaviti",0.8,8500,10300,"Slater2001Stracke2003a","NNVZ",48.56,0.57,13.3,8.76,14.35,12.88,1.36,0.03
"190","GAE25","Gaesafjoll",7,12000,70000,"Maclennan2004","NNVZ",48.419,2.244,14.804,11.956,7.402,12.474,2.049,0.204
"191","FH9861","Borgarhraun",0.9,8500,10300,"Maclennan2003","NNVZ",48.838,0.768,14.461,9.505,11.351,13.159,1.636,0.061
"192","KK100@7",NA,NA,190000,210000,"Nicholson1991","NNVZ",50.55,1.98,14.83,13.14,5.65,10.45,2.5,0.41
"193","KK99@6",NA,NA,120000,190000,"Nicholson1991","NNVZ",50.53,1.67,13.77,14.1,6.35,10.49,2.43,0.27
"194","KK153@7",NA,NA,190000,210000,"Nicholson1991","NNVZ",52.95,1.03,15.63,9.41,6.42,11.53,2.27,0.47
"195","KK23@7",NA,NA,190000,210000,"Nicholson1991","NNVZ",50.01,1.46,15.62,10.85,6.79,12.77,2.02,0.17
"196","KK27@7",NA,NA,190000,210000,"Nicholson1991","NNVZ",50.64,2.05,14.53,13.41,5.59,10.36,2.49,0.44
"197","l9393","Langaviti",0.8,8500,10300,"Slater2001Stracke2003a","NNVZ",50.24,0.99,14.97,11.35,8,11.98,2.04,0.14
"198","l9354","Langaviti",0.8,8500,10300,"Slater2001Stracke2003a","NNVZ",48.35,0.69,14.19,9.43,13,12.49,1.58,0.05
"199","GAE24","Gaesafjoll",7,12000,70000,"Maclennan2004","NNVZ",48.367,2.201,15.065,11.725,7.425,12.522,2.065,0.195
"200","FH9862","Borgarhraun",0.9,8500,10300,"Maclennan2003","NNVZ",48.609,0.746,14.106,9.417,12.422,12.775,1.643,0.06
"201","GAE14","Gaesafjoll",7,12000,70000,"Maclennan2004","NNVZ",48.044,2.033,15.179,11.575,8.697,11.787,2.043,0.227
"202","FH9858","Borgarhraun",0.9,8500,10300,"Maclennan2003","NNVZ",48.723,0.748,14.493,9.467,11.602,12.987,1.698,0.061
"203","FH9859","Borgarhraun",0.9,8500,10300,"Maclennan2003","NNVZ",48.605,0.739,14.369,9.494,12.009,12.86,1.651,0.051
"204","l9311","Borgarhraun",0.9,8500,10300,"Slater2001Stracke2003a","NNVZ",48.13,0.71,14.34,9.4,13.2,12.4,1.55,0.05
"205","l9312","Borgarhraun",0.9,8500,10300,"Slater2001","NNVZ",48.51,0.72,13.83,9.35,13.26,12.58,1.51,0.05
"206","l9313","Borgarhraun",0.9,8500,10300,"Slater2001Stracke2003a","NNVZ",47.72,0.61,13.23,9.34,15.76,11.65,1.44,0.05
"207","l9314","Borgarhraun",0.9,8500,10300,"Slater2001","NNVZ",48.45,0.67,14.21,9.09,13.23,12.55,1.55,0.05
"208","GAE15","Gaesafjoll",7,12000,70000,"Maclennan2004","NNVZ",48.031,1.942,15.625,11.203,8.431,12.239,1.939,0.181
"209","FH9857","Borgarhraun",0.9,8500,10300,"Maclennan2003","NNVZ",48.549,0.754,13.789,9.521,12.864,12.612,1.629,0.06
"210","GAE23","Gaesafjoll",7,12000,70000,"Maclennan2004","NNVZ",48.085,2.073,15.464,11.542,7.833,12.343,2.064,0.174
"211","KK54","Threngslaborgir",2,2300,2500,"Nicholson1991","NNVZ",49.39,1.52,14.86,11.32,7.69,12.63,2.11,0.16
"212","KK120@6",NA,NA,120000,190000,"Nicholson1991","NNVZ",50.52,1.67,13.88,14.13,6.33,10.6,2.23,0.25
"213","KK26@7",NA,NA,190000,210000,"Nicholson1991","NNVZ",66.77,0.78,13.29,6.32,1.93,4.9,3.81,1.87
"214","TH15","Borgarhraun",0.9,8500,10300,"Hemond1993","NNVZ",46.74,0.52,11.8,9.44,19.17,10.69,1.21,0.12
"215","l9396","Draugarhraun",0.1,10300,12000,"Nicholson1991","NNVZ",51.13,2.01,13.4,14.71,5.48,9.77,2.64,0.42
"216","TH40","Borgarhraun",0.9,8500,10300,"Skovgaard2001Peate2010","NNVZ",47.567,0.558,11.487,9.342,18.841,10.849,1.114,0.035
"217","l9304","Borgarhraun",0.9,8500,10300,"Slater2001","NNVZ",48.76,0.68,15.91,9.31,10.3,13.1,1.66,0.06
"218","l9305","Borgarhraun",0.9,8500,10300,"Slater2001","NNVZ",48.78,0.68,16.01,9.22,10.22,13.12,1.69,0.06
"219","l9306","Borgarhraun",0.9,8500,10300,"Slater2001Stracke2003a","NNVZ",48.82,0.69,15.86,9.39,10.19,13.1,1.66,0.07
"220","l9307","Borgarhraun",0.9,8500,10300,"Slater2001","NNVZ",48.53,0.63,16.1,9.13,10.81,12.87,1.65,0.06
"221","l9308","Borgarhraun",0.9,8500,10300,"Slater2001","NNVZ",48.97,0.7,15.95,9.39,9.89,13.07,1.75,0.07
"222","l9301","Einbui",0.1,12000,70000,"Maclennan2001","NNVZ",49.91,0.76,15.99,9.74,9.34,11.95,1.92,0.14
"223","l9302","Einbui",0.1,12000,70000,"Maclennan2001","NNVZ",49.63,0.71,16.23,9.37,9.6,12.19,1.92,0.12
"224","l9303","Einbui",0.1,12000,70000,"Maclennan2001","NNVZ",50.07,0.8,15.76,9.85,8.96,12.3,1.87,0.14
"225","408647","Langaviti",0.8,8500,10300,"Skovgaard2001Breddam2000Peate2010","NNVZ",48.665,0.607,13.197,8.469,14.626,12.819,1.362,0.046
"226","IT4elliott","Langaviti",0.8,8500,10300,"Slater2001Elliott1991","NNVZ",50.33,1.04,14.92,11.4,7.92,12.08,1.85,0.14
"227","l9367","Langaviti",0.8,8500,10300,"Slater2001","NNVZ",49.39,0.74,15.95,9.57,9.72,12.54,1.78,0.07
"228","l9416","Langaviti",0.8,8500,10300,"Slater2001Stracke2003a","NNVZ",49.51,0.75,15.57,9.74,9.43,12.9,1.84,0.07
"229","l9394","Langaviti",0.8,8500,10300,"Slater2001Stracke2003a","NNVZ",48.11,0.76,13.87,9.64,13.83,11.95,1.57,0.05
"230","l94112","Langaviti",0.8,8500,10300,"Slater2001Stracke2003a","NNVZ",48.64,0.75,14.27,9.57,12.26,12.6,1.66,0.05
"231","GAE16","Gaesafjoll",7,12000,70000,"Maclennan2004","NNVZ",48.081,2.636,14.128,13.22,7.185,11.854,2.123,0.249
"232","KK118@6",NA,NA,120000,190000,"Nicholson1991","NNVZ",50.43,1.85,13.54,14.55,6.22,10.56,2.12,0.28
"233","KK119@6",NA,NA,120000,190000,"Nicholson1991","NNVZ",50.36,1.85,13.92,14.23,6.24,10.46,2.23,0.28
"234","KK92","Dalseldar",0.05,1000,1100,"Nicholson1991","NNVZ",49.86,1.83,13.96,13.92,6.95,10.46,2.33,0.29
"235","KK29@7",NA,NA,190000,210000,"Nicholson1991","NNVZ",75.78,0.24,12.19,3.04,0.04,1.56,4.26,2.78
"236","GAE22","Gaesafjoll",7,12000,70000,"Maclennan2004","NNVZ",48.147,1.999,16.16,11.055,7.476,12.537,2.033,0.185
"237","l9454","Thorunnarfjoll",0.2,12000,70000,"Maclennan2001","NNVZ",48.85,1.99,14.44,12.77,8.07,10.68,2.46,0.34
"238","l9455","Thorunnarfjoll",0.2,12000,70000,"Maclennan2001","NNVZ",49.6,2.06,14.52,12.92,7.63,10.17,2.36,0.35
"239","l9412","Langaviti",0.8,8500,10300,"Slater2001Stracke2003a","NNVZ",49.34,0.75,15.55,9.75,9.73,12.82,1.79,0.07
"240","l9368","Langaviti",0.8,8500,10300,"Slater2001","NNVZ",49.35,0.74,15.69,9.84,9.45,12.86,1.76,0.08
"241","GAE17","Gaesafjoll",7,12000,70000,"Maclennan2004","NNVZ",48.057,1.87,15.882,10.933,8.338,12.422,1.941,0.168
"242","KRA01","Kroflueldar",0.25,25,35,"Maclennan2004","NNVZ",50.369,2.059,13.416,14.803,5.949,10.201,2.402,0.336
"243","KK98@7",NA,NA,190000,210000,"Nicholson1991","NNVZ",59.31,1.26,15.86,8.83,2.9,6.69,3.81,0.92
"244","KK102@3",NA,NA,8500,12000,"Nicholson1991","NNVZ",50.46,2.05,13.31,15.06,5.83,10.07,2.44,0.33
"245","KK108@3",NA,NA,8500,12000,"Nicholson1991","NNVZ",50.37,1.99,13.51,14.81,5.96,10.18,2.43,0.32
"246","KK91@7",NA,NA,190000,210000,"Nicholson1991","NNVZ",51.15,2.03,13.56,14.73,5.42,9.79,2.47,0.4
"247","KK115@6",NA,NA,120000,190000,"Nicholson1991","NNVZ",50.16,1.8,14.02,13.98,6.48,10.63,2.24,0.28
"248","KK28@7",NA,NA,190000,210000,"Nicholson1991","NNVZ",51.92,1.04,15.78,9.63,6.61,12,2.34,0.37
"249","KK25@7",NA,NA,190000,210000,"Nicholson1991","NNVZ",68.08,0.73,13.26,5.92,1.58,4.3,3.8,1.99
"250","KK154","Earlypostglacialeruptions",0.01,8500,12000,"Nicholson1991","NNVZ",50.04,1.84,13,15.04,5.61,11.33,2.44,0.31
"251","KK156","Earlypostglacialeruptions",0.01,8500,12000,"Nicholson1991","NNVZ",50.81,1.85,13.22,15.24,5.71,10.04,2.4,0.3
"252","KRA02","Kroflueldar",0.25,25,35,"Maclennan2004","NNVZ",50.368,2.061,13.424,14.812,5.913,10.206,2.413,0.336
"253","KK144","Earlypostglacialeruptions",0.01,8500,12000,"Nicholson1991","NNVZ",51.12,2.02,13.46,14.85,5.39,9.79,2.51,0.4
"254","KK145@7",NA,NA,190000,210000,"Nicholson1991","NNVZ",49.82,1.85,14.13,12.7,7,11.56,2.27,0.23
"255","l9364","Gaesafjoll",7,12000,70000,"Maclennan2001","NNVZ",48.21,2.16,14.94,11.81,7.57,12.55,2.14,0.19
"256","l9365","Draugarhraun",0.1,10300,12000,"Nicholson1991","NNVZ",51.21,2,13.44,14.68,5.55,9.64,2.66,0.41
"257","GAE21","Gaesafjoll",7,12000,70000,"Maclennan2004","NNVZ",48.148,2.115,15.443,11.417,7.818,12.454,2.013,0.169
"258","GAE18","Gaesafjoll",7,12000,70000,"Maclennan2004","NNVZ",48.349,2.19,14.952,11.728,7.673,12.418,2.06,0.19
"259","GAE19","Gaesafjoll",7,12000,70000,"Maclennan2004","NNVZ",48.306,1.986,16.48,10.758,7.122,12.759,2.026,0.172
"260","GAE20","Gaesafjoll",7,12000,70000,"Maclennan2004","NNVZ",47.844,1.91,15.453,11.252,8.965,12.074,1.935,0.172
"261","KRA20","Kroflueldar",0.25,25,35,"Maclennan2004","NNVZ",49.588,1.679,14.516,12.613,7.557,11.295,2.123,0.246
"262","LTLV-09E","Storavitishraun",18.4,11300,11300,NA,"NNVZ",50.25,0.973,15.26,10.62,8.32,12.08,2.05,0.15
"263","LTLV-09D","Storavitishraun",18.4,11300,11300,NA,"NNVZ",50.15,0.969,15.32,10.65,8.33,12.09,2.06,0.14
"264","LTLV-09C","Storavitishraun",18.4,11300,11300,NA,"NNVZ",50.55,1.044,15.03,10.81,7.83,12.28,2.01,0.15
"265","LTLV-09B","Storavitishraun",18.4,11300,11300,NA,"NNVZ",50.21,0.991,15.28,10.74,8.24,12.1,2,0.14
"266","LTLV-09A","Storavitishraun",18.4,11300,11300,NA,"NNVZ",50.26,0.994,15.24,10.76,8.2,12.13,1.99,0.14
"267","LTLV-04","Storavitishraun",18.4,11300,11300,NA,"NNVZ",50.03,0.919,15.42,10.4,8.6,12.27,1.97,0.11
"268","LTLV-06","Storavitishraun",18.4,11300,11300,NA,"NNVZ",50.45,1.045,14.99,10.98,7.7,12.3,2.09,0.15
"269","LTLV-05","Storavitishraun",18.4,11300,11300,NA,"NNVZ",49.84,0.973,15.27,11.06,8.36,12.07,2.01,0.14
"270","LTLV-10","Storavitishraun",18.4,11300,11300,NA,"NNVZ",49.93,0.942,15.38,10.62,8.56,12.13,2.03,0.13
"271","LTLV-13","Storavitishraun",18.4,11300,11300,NA,"NNVZ",49.84,0.946,15.23,11.08,8.33,12.1,2.06,0.14
"272","LTLV-11","Storavitishraun",18.4,11300,11300,NA,"NNVZ",49.54,0.908,15.5,10.87,8.84,11.97,1.96,0.13
"273","LTLV-12","Storavitishraun",18.4,11300,11300,NA,"NNVZ",49.8,0.929,15.22,11.02,8.54,12.08,1.99,0.14
"274","LTLV-03","Storavitishraun",18.4,11300,11300,NA,"NNVZ",50.13,0.979,15.14,11,8.12,12.18,2.04,0.13
"275","LTLV-02","Storavitishraun",18.4,11300,11300,NA,"NNVZ",50.74,1.207,14.29,12.08,7.13,12.03,2.05,0.14
"276","LTLV-01","Storavitishraun",18.4,11300,11300,NA,"NNVZ",50.19,0.929,15.42,10.5,8.27,12.26,2.02,0.13
"277","LTLV-01B","Storavitishraun",18.4,11300,11300,NA,"NNVZ",50.45,0.937,15.32,10.19,8.13,12.54,2.02,0.13
"278","LTLV-07","Storavitishraun",18.4,11300,11300,NA,"NNVZ",49.96,0.926,15.38,10.62,8.55,12.14,2.03,0.12
"279","LTLV-08","Storavitishraun",18.4,11300,11300,NA,"NNVZ",50.01,0.928,15.46,10.44,8.58,12.18,1.98,0.14
"280","KK55","Heidarspordur",0.3,11000,12000,"Jonasson2005","NNVZ",49.76,1.5,14.35,11.32,7.44,12.8,2.29,0.18
"281","KR83","Heidarspordur",0.3,11000,12000,"Jonasson2005","NNVZ",49.95,0.92,15.23,10.81,8.13,12.56,1.98,0.14
"282","KR82","Heidarspordur",0.3,11000,12000,"Jonasson2005","NNVZ",50.43,0.92,15.46,10.39,7.83,12.76,1.81,0.13
"283","KK97@3",NA,NA,8500,12000,"Nicholson1991","NNVZ",50.33,2.04,13.32,15.1,5.89,10.07,2.48,0.32
"284","KK89@7",NA,NA,190000,210000,"Nicholson1991","NNVZ",50.33,1.61,15.82,12.74,5.49,11.09,2.28,0.27
"285","KK24@7",NA,NA,190000,210000,"Nicholson1991","NNVZ",50.86,2.09,14.73,13.75,5.46,9.86,2.34,0.43
"286","KRA03","Kroflueldar",0.25,25,35,"Maclennan2004","NNVZ",50.359,2.064,13.467,14.704,5.96,10.241,2.412,0.335
"287","KRA04","Kroflueldar",0.25,25,35,"Maclennan2004","NNVZ",50.342,2.054,13.443,14.696,5.999,10.273,2.388,0.333
"288","NV49","Kroflueldar",0.25,30,30,"Koornneef2012","NNVZ",49.522,1.616,14.33,12.73,7.392,11.492,2.242,0.242
"289","NV50","Kroflueldar",0.25,50,50,"Koornneef2012","NNVZ",49.56,1.612,14.314,12.726,7.394,11.483,2.236,0.242
"290","408640","Storavitishraun",18.4,11300,11300,"Skovgaard2001Breddam2000Peate2010","NNVZ",48.355,0.827,15.299,9.609,11.144,12.757,1.729,0.042
"291","sh19","Storavitishraun",18.4,11300,11300,"Slater2001","NNVZ",50.17,1.06,15.56,10.45,7.7,12.5,2.12,0.14
"292","sh23","Storavitishraun",18.4,11300,11300,"Slater2001","NNVZ",49.36,1.06,15.62,10.87,8.13,12.42,2.08,0.15
"293","sh27","Storavitishraun",18.4,11300,11300,"Slater2001","NNVZ",50.01,1.09,15.25,11.02,7.41,12.43,2.24,0.21
"294","sh40","Storavitishraun",18.4,11300,11300,"Slater2001","NNVZ",48.51,0.93,15.72,9.34,10.35,12.89,1.92,0.09
"295","sh42","Storavitishraun",18.4,11300,11300,"Slater2001","NNVZ",49.07,0.84,15.17,9.23,11.22,12.4,1.78,0.07
"296","IT1elliott","Storavitishraun",18.4,11300,11300,"Slater2001Elliott1991","NNVZ",49.1,0.96,15.32,9.95,9.18,13.42,1.77,0.06
"297","IT3Aelliott","Storavitishraun",18.4,11300,11300,"Slater2001Elliott1991","NNVZ",49.61,0.91,15.4,10.97,9.08,11.84,1.78,0.13
"298","l94101","Storavitishraun",18.4,11300,11300,"Slater2001Stracke2003a","NNVZ",48.92,0.7,15.55,9.36,10.54,12.97,1.7,0.06
"299","l94102","Storavitishraun",18.4,11300,11300,"Slater2001Stracke2003a","NNVZ",48.82,0.66,15.69,9.22,10.62,13.08,1.68,0.05
"300","l94103","Storavitishraun",18.4,11300,11300,"Slater2001","NNVZ",48.92,0.69,15.7,9.38,10.31,13.01,1.74,0.05
"301","sh1","Storavitishraun",18.4,11300,11300,"Slater2001","NNVZ",48.41,0.9,15.1,9.38,8.6,14.32,1.94,0.53
"302","SH43xrf","Storavitishraun",18.4,11300,11300,"Slater2001","NNVZ",48.95,0.95,15.27,10.23,9.61,12.75,1.94,0.09
"303","TH16xrf","Storavitishraun",18.4,11300,11300,"Slater2001","NNVZ",49.74,0.85,15.5,10.73,8.93,11.77,2.12,0.12
"304","l9353","Langaviti",0.8,8500,10300,"Slater2001Stracke2003a","NNVZ",49.92,0.92,15.28,11.11,8.39,11.98,1.99,0.13
"305","KK55@4",NA,NA,12000,70000,"Nicholson1991","NNVZ",49.45,1.45,15.32,10.9,7.68,12.82,1.91,0.15
"306","KK90@7",NA,NA,190000,210000,"Nicholson1991","NNVZ",51.12,1.98,13.62,14.52,5.51,9.78,2.64,0.4
"307","KK147@7",NA,NA,190000,210000,"Nicholson1991","NNVZ",56.74,1.89,12.02,12.38,5.12,9.14,2.02,0.27
"308","KK93","Earlypostglacialeruptions",0.01,8500,12000,"Nicholson1991","NNVZ",51.08,2.01,13.46,14.69,5.45,9.78,2.67,0.4
"309","KK109B@6",NA,NA,120000,190000,"Nicholson1991","NNVZ",50.24,1.83,13.95,14.03,6.39,10.55,2.33,0.29
"310","KK110@6",NA,NA,120000,190000,"Nicholson1991","NNVZ",50.26,1.82,13.83,14.09,6.39,10.59,2.32,0.29
"311","KRA19","Kroflueldar",0.25,25,35,"Maclennan2004","NNVZ",49.59,1.669,14.51,12.631,7.536,11.254,2.17,0.248
"312","l94100","Thrihyrningur",0.06,12000,70000,"Maclennan2001","NNVZ",50.08,2.23,13.69,12.93,6.84,10.95,2.38,0.38
"313","l9420A","Thrihyrningur",0.06,12000,70000,"Maclennan2001","NNVZ",50.04,1.92,14.15,12.11,7.34,11.39,2.28,0.33
"314","l9421","Thrihyrningur",0.06,12000,70000,"Maclennan2001","NNVZ",50.8,1.86,14.44,11.95,7.53,10.65,2.03,0.3
"315","KRA18","Kroflueldar",0.25,25,35,"Maclennan2004","NNVZ",49.453,1.65,14.84,12.143,7.634,11.691,1.988,0.224
"316","KRA17","Kroflueldar",0.25,25,35,"Maclennan2004","NNVZ",49.41,1.694,14.804,12.237,7.538,11.637,2.064,0.233
"317","KR53","Heidarspordur",0.3,11000,12000,"Jonasson2005","NNVZ",56.87,1.37,15.56,10.08,3.59,7.97,3.35,0.75
"318","KK53","Heidarspordur",0.3,10000,10300,"Nicholson1991","NNVZ",49.01,0.81,15.44,10.4,9.19,13.14,1.69,0.06
"319","KR32","Heidarspordur",0.3,11000,12000,"Jonasson2005","NNVZ",51.18,0.94,14.85,10.63,7.74,12.39,1.82,0.16
"320","KK35","Heidarspordur",0.3,11000,12000,"Jonasson2005","NNVZ",58.49,1.33,15.34,9.43,3.09,7.38,3.59,0.85
"321","KR84","Heidarspordur",0.3,11000,12000,"Jonasson2005","NNVZ",59.14,1.3,15.55,9.04,2.75,6.87,3.93,0.94
"322","KR1","Heidarspordur",0.3,11000,12000,"Jonasson2005","NNVZ",66.42,0.91,15.64,6.09,1.24,4.8,4.18,0.37
"323","KK104@7",NA,NA,190000,210000,"Nicholson1991","NNVZ",49.41,1.49,15.08,11.17,7.58,12.66,2.15,0.15
"324","KK59","HyaloclastiteRidges1.15km3",1.15,12000,70000,"Nicholson1991","NNVZ",49.34,2.27,14.35,14.02,6.02,11.02,2.29,0.23
"325","KK109A@6",NA,NA,120000,190000,"Nicholson1991","NNVZ",50.17,1.83,13.86,14.17,6.37,10.56,2.35,0.28
"326","KK136@7",NA,NA,190000,210000,"Nicholson1991","NNVZ",54.41,2.98,13.64,14.89,3.18,6.81,2.46,0.74
"327","l9375","Borgarhraun",0.9,8500,10300,"Slater2001Stracke2003a","NNVZ",48.92,0.75,14.56,9.54,11.14,13.22,1.61,0.05
"328","k81","Krafla",NA,0,5000,"Hemond1993","NNVZ",49.691,1.683,14.141,13.045,7.03,11.551,2.261,0.209
"329","KK26",NA,NA,NA,NA,"Condomines1983","NNVZ",62.687,0.776,13.93,7.363,3.085,6.169,3.98,1.692
"330","ATHO","subglacial_ridge",NA,NA,NA,"Condomines1983","NNVZ",75.101,0.272,12.198,3.367,0.101,1.734,4.345,2.742
"331","KK52","Heidarspordur",0.3,10000,10300,"Nicholson1991","NNVZ",48.91,0.82,16.02,9.81,9.15,13.18,1.77,0.08
"332","KR88","Heidarspordur",0.3,11000,12000,"Jonasson2005","NNVZ",49.12,0.81,15.18,10.49,8.91,13.27,1.86,0.1
"333","KR89","Heidarspordur",0.3,11000,12000,"Jonasson2005","NNVZ",50.67,1,14.96,10.93,7.51,12.74,1.77,0.13
"334","KR87a","Heidarspordur",0.3,11000,12000,"Jonasson2005","NNVZ",52.51,1.7,14.71,11.63,5.61,9.7,3.04,0.48
"335","KR72","Heidarspordur",0.3,11000,12000,"Jonasson2005","NNVZ",57.54,1.34,14.88,9.98,3.46,7.74,3.74,0.8
"336","KR80","Heidarspordur",0.3,11000,12000,"Jonasson2005","NNVZ",51.01,0.92,14.73,10.66,7.82,12.57,1.83,0.17
"337","KR81","Heidarspordur",0.3,11000,12000,"Jonasson2005","NNVZ",59.64,1.29,15.3,8.81,2.72,6.78,3.99,0.96
"338","KR46","Heidarspordur",0.3,11000,12000,"Jonasson2005","NNVZ",59.99,1.27,15.85,8.49,2.45,6.56,3.93,0.98
"339","KR49","Heidarspordur",0.3,11000,12000,"Jonasson2005","NNVZ",56.67,1.42,14.68,10.96,3.64,7.85,3.53,0.76
"340","KK53","Heidarspordur",0.3,11000,12000,"Jonasson2005","NNVZ",49.19,0.83,14.92,10.57,9.02,13.14,1.98,0.09
"341","KR52","Heidarspordur",0.3,11000,12000,"Jonasson2005","NNVZ",52.99,1.13,15.04,10.58,6.29,10.75,2.48,0.38
"342","KR51","Heidarspordur",0.3,11000,12000,"Jonasson2005","NNVZ",54.7,1.28,15.3,10.46,5.02,9.34,2.97,0.53
"343","KK140@7",NA,NA,190000,210000,"Nicholson1991","NNVZ",48.84,0.94,16.49,9.65,8.56,13.35,1.85,0.07
"344","KK143@7",NA,NA,190000,210000,"Nicholson1991","NNVZ",48.84,0.94,16.42,9.76,8.49,13.35,1.85,0.07
"345","KK51","Heidarspordur",0.3,11000,12000,"Jonasson2005","NNVZ",51.21,1.44,14.74,11.3,6.71,10.95,2.78,0.36
"346","KR73","Heidarspordur",0.3,11000,12000,"Jonasson2005","NNVZ",49.76,1.02,14.51,11.56,8.08,12.52,2.1,0.13
"347","KR74","Heidarspordur",0.3,11000,12000,"Jonasson2005","NNVZ",52.56,1.17,14.81,11.17,6.26,10.58,2.67,0.37
"348","KR75","Heidarspordur",0.3,11000,12000,"Jonasson2005","NNVZ",56.8,1.3,14.76,10.27,3.86,8.05,3.63,0.79
"349","KR71","Heidarspordur",0.3,11000,12000,"Jonasson2005","NNVZ",50.86,1.16,14.31,11.5,7.57,11.56,2.44,0.23
"350","KR3","Heidarspordur",0.3,11000,12000,"Jonasson2005","NNVZ",65.46,0.94,15.92,6.31,1.39,4.91,4.36,0.36
"351","KR47","Heidarspordur",0.3,11000,12000,"Jonasson2005","NNVZ",56.2,1.51,15.26,11.01,3.53,7.95,3.36,0.72
"352","KR45","Heidarspordur",0.3,11000,12000,"Jonasson2005","NNVZ",64.94,0.95,15.33,6.39,1.39,4.66,4.63,1.34
"353","KK34@7",NA,NA,190000,210000,"Nicholson1991","NNVZ",65.53,0.86,15.42,6.08,1.45,4.75,4.27,1.33
"354","KR87","Heidarspordur",0.3,11000,12000,"Jonasson2005","NNVZ",51.56,1,14.95,10.71,7.5,11.78,1.98,0.2
"355","KR48","Heidarspordur",0.3,11000,12000,"Jonasson2005","NNVZ",54.83,1.43,15.22,11.1,4.47,8.86,3.04,0.62
"356","KR86","Heidarspordur",0.3,11000,12000,"Jonasson2005","NNVZ",56.42,1.46,15.5,10.79,3.53,7.68,3.4,0.76
"357","KR50","Heidarspordur",0.3,11000,12000,"Jonasson2005","NNVZ",57.63,1.35,15.61,9.57,3.26,7.62,3.65,0.82
"358","KR54","Heidarspordur",0.3,11000,12000,"Jonasson2005","NNVZ",59.08,1.27,14.92,9.14,2.95,7.09,4.09,0.93
"359","KR55","Heidarspordur",0.3,11000,12000,"Jonasson2005","NNVZ",51.18,1.89,13.27,14.74,5.46,9.93,2.63,0.44
"360","KK94@7",NA,NA,190000,210000,"Nicholson1991","NNVZ",59.21,1.27,15.7,8.87,3.01,6.81,3.79,0.9
"361","KK95@7",NA,NA,190000,210000,"Nicholson1991","NNVZ",57.91,1.33,15.73,9.58,3.35,7.27,3.58,0.81
"362","KK96@7",NA,NA,190000,210000,"Nicholson1991","NNVZ",58.66,1.28,15.69,9.1,3.22,7.01,3.74,0.86
"363","KR79","Heidarspordur",0.3,11000,12000,"Jonasson2005","NNVZ",50.89,1.97,13.3,14.54,5.55,10.24,2.58,0.44
"364","KK117@7",NA,NA,190000,210000,"Nicholson1991","NNVZ",51.03,2.06,13.53,14.83,5.42,9.73,2.55,0.41
"365","KK141","Namafjall",0.01,12000,70000,"Nicholson1991","NNVZ",48.81,0.97,15.6,10.15,8.96,13.23,1.95,0.08
"366","KK142","Namafjall",0.01,12000,70000,"Nicholson1991","NNVZ",48.95,1.34,14.98,10.92,8.63,12.88,1.86,0.12
"367","KK137@7",NA,NA,190000,210000,"Nicholson1991","NNVZ",50.6,2.07,14.42,13.67,5.66,10.46,2.22,0.42
"368","KK138@7",NA,NA,190000,210000,"Nicholson1991","NNVZ",50.61,1.96,14.57,13.25,6.1,10.45,2.23,0.37
"369","IC10","Kroflueldar",0.25,25,35,"Nicholson1991","NNVZ",49.53,1.67,14.57,12.77,7.73,11.29,1.84,0.23
"370","K8405","Kroflueldar",0.25,25,35,"Nicholson1991","NNVZ",49.34,1.64,14.8,12.15,7.64,11.64,2.19,0.22
"371","KRA118","Myvatnseldar",0.25,280,290,"Nicholson1991","NNVZ",50.36,2.02,13.62,14.58,6.17,10.31,2.17,0.32
"372","KK68","Krofluhals",1,10600,10600,"Nicholson1991","NNVZ",49.11,1.2,15.14,10.63,8.67,12.97,1.88,0.11
"373","KK149","Hverfjall",0.4,2800,2900,"Nicholson1991","NNVZ",50.11,1.86,14.08,14.35,6.31,10.39,2.2,0.28
"374","KR90","Heidarspordur",0.3,11000,12000,"Jonasson2005","NNVZ",51.66,1.38,14.68,12.07,6.06,10.11,3.17,0.39
"375","KR77","Heidarspordur",0.3,11000,12000,"Jonasson2005","NNVZ",49.52,1.03,14.81,11.31,8.32,12.56,2.02,0.13
"376","KK116","Heidarspordur",0.3,10000,10300,"Nicholson1991","NNVZ",49.51,1.01,15.28,11.14,8.35,12.41,1.92,0.1
"377","KR78","Heidarspordur",0.3,11000,12000,"Jonasson2005","NNVZ",52.6,1.33,15.25,11.09,5.79,10.04,2.93,0.46
"378","NV48","Daleldar",NA,3000,3000,"Koornneef2012","NNVZ",50.362,2.081,13.108,15.258,5.706,10.154,2.528,0.325
"379","KK103@7",NA,NA,190000,210000,"Nicholson1991","NNVZ",51.04,2.1,13.33,14.99,5.4,9.63,2.64,0.42
"380","KK17@7",NA,NA,190000,210000,"Nicholson1991","NNVZ",49.23,1.08,16.74,10.14,6.86,13.75,1.77,0.12
"381","KK133@7",NA,NA,190000,210000,"Nicholson1991","NNVZ",50.55,2.1,14.09,13.91,5.73,10.25,2.44,0.43
"382","KK134@7",NA,NA,190000,210000,"Nicholson1991","NNVZ",50.35,2.11,14.53,13.94,5.52,10.2,2.44,0.41
"383","KK135@7",NA,NA,190000,210000,"Nicholson1991","NNVZ",50.48,2.11,14.21,13.78,5.64,10.27,2.58,0.44
"384","NV47","Kroflueldar",0.25,30,30,"Koornneef2012","NNVZ",50.239,2.109,13.188,14.89,5.872,10.363,2.533,0.323
"385","KK105@7",NA,NA,190000,210000,"Nicholson1991","NNVZ",49.93,1.03,15.3,10.29,8.45,13.2,1.43,0.09
"386","KK31","Gjastykkisbunga",2,11500,12000,"Nicholson1991","NNVZ",49.11,0.79,15.79,9.61,9.43,13.15,1.8,0.08
"387","KK31r","Gjastykkisbunga",2,11500,12000,"Nicholson1991","NNVZ",49.11,0.79,15.79,9.61,9.43,13.15,1.8,0.08
"388","KK58","Gjastykkisbunga",2,11500,12000,"Nicholson1991","NNVZ",48.9,0.75,15.99,9.4,9.82,13.11,1.74,0.07
"389","KK148@6",NA,NA,120000,190000,"Nicholson1991","NNVZ",49.84,1.85,13.94,13.92,6.71,10.84,2.2,0.29
"390","KK150@6",NA,NA,120000,190000,"Nicholson1991","NNVZ",49.85,1.81,13.98,13.95,6.64,10.84,2.24,0.28
"391","SNA-24","Kroflueldar",0.25,25,35,"Nicholson1991","NNVZ",49.01,1.47,14.94,11.58,8.72,11.67,2.08,0.19
"392","Krafla_2","Kroflueldar",0.25,16,16,NA,"NNVZ",50.33,2.13,13.35,14.46,5.91,10.44,2.56,0.34
"393","Krafla_1","Kroflueldar",0.25,16,16,NA,"NNVZ",50.4,2.126,13.36,14.47,5.94,10.4,2.51,0.34
"394","KK51@7",NA,NA,190000,210000,"Nicholson1991","NNVZ",51.16,1.49,15.47,11.13,6.74,10.72,2.52,0.33
"395","KK50@7",NA,NA,190000,210000,"Nicholson1991","NNVZ",48.43,0.78,15.73,10.01,9.53,13.61,1.65,0.04
"396","KK60@7",NA,NA,190000,210000,"Nicholson1991","NNVZ",52.14,2.17,14.02,13.68,4.78,9.19,2.77,0.62
"397","KR91","Heidarspordur",0.3,11000,12000,"Jonasson2005","NNVZ",51.51,1.81,13.55,13.95,5.58,10.33,2.47,0.38
"398","KK107","Dalseldar",0.05,1000,1100,"Nicholson1991","NNVZ",51.09,2.02,13.58,14.75,5.39,9.7,2.63,0.4
"399","KK132@7",NA,NA,190000,210000,"Nicholson1991","NNVZ",50.54,2.11,14.18,13.82,5.83,10.49,2.13,0.41
"400","KK139@7",NA,NA,190000,210000,"Nicholson1991","NNVZ",56.22,2.04,12.36,12.16,5.06,9.36,2.08,0.3
"401","NV45","Krafla",NA,280,280,"Koornneef2012","NNVZ",50.265,2.04,13.349,14.728,5.998,10.319,2.494,0.323
"402","KK106@6",NA,NA,120000,190000,"Nicholson1991","NNVZ",49.95,1.83,13.93,14.22,6.4,10.67,2.32,0.28
"403",NA,NA,NA,NA,1810000,"Jakobsson2008","NNVZ",48.97,0.71,15.54,9.39,10.51,12.73,1.82,0.08
"404",NA,NA,NA,NA,1810000,"Jakobsson2008","NNVZ",50.23,1.03,16.85,9.46,6.82,13.36,1.85,0.13
"405",NA,NA,NA,NA,1810000,"Jakobsson2008","NNVZ",50.76,2.2,13.51,15.49,5.38,9.41,2.37,0.4
"406",NA,NA,NA,NA,1810000,"Jakobsson2008","NNVZ",49.28,1.63,14.82,11.27,8.77,11.69,1.87,0.17
"407",NA,NA,NA,NA,1810000,"Jakobsson2008","NNVZ",48.67,0.78,16.16,9.5,8.59,13.95,2.11,0.03
"408",NA,NA,NA,NA,1810000,"Jakobsson2008","NNVZ",47.46,0.53,17.85,7.76,11.09,13.46,1.66,0.02
"409","42","Randahraun_Krafla",0.15,0,12000,"Hardarson1997","NNVZ",48.93,0.62,15.03,9,11.29,13.32,1.55,0.05
"410","58","Bondholshraun",0.11,0,12000,"Hardarson1997Kempton2000","NNVZ",49.29,0.71,15.27,9.57,10.69,12.47,1.7,0.08
"411","KK127@7",NA,NA,190000,210000,"Nicholson1991","NNVZ",51.19,2.07,13.26,14.92,5.47,9.65,2.57,0.41
"412","KK128@7",NA,NA,190000,210000,"Nicholson1991","NNVZ",50.35,1.8,13.57,14.58,6.21,10.51,2.3,0.28
"413","KK129@6",NA,NA,120000,190000,"Nicholson1991","NNVZ",50.51,1.87,13.63,14.71,6.11,10.3,2.14,0.3
"414","KK130@6",NA,NA,120000,190000,"Nicholson1991","NNVZ",50.12,1.85,13.72,14.44,6.34,10.54,2.28,0.29
"415","KK111@6",NA,NA,120000,190000,"Nicholson1991","NNVZ",50.53,1.89,13.75,14.68,5.96,10.05,2.38,0.31
"416","KK112@6",NA,NA,120000,190000,"Nicholson1991","NNVZ",50.37,1.86,13.58,14.75,6.07,10.27,2.39,0.29
"417","KK152@1",NA,NA,25,35,"Nicholson1991","NNVZ",49.45,1.69,14.65,12.48,7.6,11.54,1.99,0.22
"418","IC47","Rd._to_Askja",0.35,70000,210000,"Hardarson1997","NNVZ",50.8,2.41,14.13,12.62,5.87,10.23,2.9,0.55
"419","KR85","Heidarspordur",0.3,11000,12000,"Jonasson2005","NNVZ",50.34,1.02,14.75,11.22,7.94,12.39,1.87,0.16
"420","KR76","Heidarspordur",0.3,11000,12000,"Jonasson2005","NNVZ",50.38,1.04,14.86,10.74,7.95,12.59,2,0.14
"421","KK87","HyaloclastiteRidges1.15km3",1.15,12000,70000,"Nicholson1991","NNVZ",51.71,1.2,14.68,10.63,7.18,11.63,2.25,0.35
"422","KK101@3",NA,NA,8500,12000,"Nicholson1991","NNVZ",50.44,2.04,13.31,15.07,5.83,10.06,2.47,0.33
"423","KRA06","Kroflueldar",0.25,25,35,"Maclennan2004","NNVZ",49.75,1.732,14.437,12.955,7.284,11.062,2.116,0.265
"424","KRA07","Kroflueldar",0.25,25,35,"Maclennan2004","NNVZ",49.861,1.75,14.432,13.013,7.271,11.094,1.916,0.261
"425","KRA05","Kroflueldar",0.25,25,35,"Maclennan2004","NNVZ",49.649,1.639,14.57,12.493,7.583,11.303,2.138,0.24
"426","IC43A","Hvannfell",0.41,12000,70000,"Hardarson1997","NNVZ",46.65,2.07,14.57,12.67,10.39,10.92,2.18,0.19
"427","IC43B","Hvannfell",0.41,12000,70000,"Hardarson1997Kempton2000","NNVZ",47.96,0.78,14.64,9.96,13.17,11.57,1.63,0.06
"428","KK12@7",NA,NA,190000,210000,"Nicholson1991","NNVZ",55.22,2.14,13.12,13.29,4.27,7.84,2.78,0.85
"429","KK14@7",NA,NA,190000,210000,"Nicholson1991","NNVZ",60.37,1.68,12.85,10.66,3.31,6.43,3.01,1.27
"430","KK64@7",NA,NA,190000,210000,"Nicholson1991","NNVZ",50.98,2.16,13.74,13.53,5.77,10.44,2.52,0.35
"431","KK85@7",NA,NA,190000,210000,"Nicholson1991","NNVZ",51.12,2.02,13.58,14.68,5.46,9.72,2.57,0.41
"432","KK86@7",NA,NA,190000,210000,"Nicholson1991","NNVZ",62.33,1.13,15.4,7.97,2.31,5.51,3.66,1.29
"433","SNA26","Kroflueldar",0.25,25,35,"Nicholson1991","NNVZ",49.35,1.65,14.57,12.6,7.76,11.26,2.18,0.24
"434","NV44","Burfellshraun",1.8,3500,3500,"Koornneef2012","NNVZ",49.171,1.652,14.338,12.077,7.718,12.202,2.237,0.202
"435","KK88@7",NA,NA,190000,210000,"Nicholson1991","NNVZ",51.17,1.72,13.94,12.12,6.69,11.39,2.24,0.31
"436","KK125@5",NA,NA,70000,120000,"Nicholson1991","NNVZ",50.54,1.89,13.51,14.48,6.13,10.51,2.21,0.3
"437","KK19","Sandnabotnafjall",0.6,12000,70000,"Nicholson1991","NNVZ",50.67,1.11,15.25,10.34,7.44,12.61,2.08,0.23
"438","KK20","Sandnabotnafjall",0.6,12000,70000,"Nicholson1991","NNVZ",51.22,1.14,14.44,10.71,7.6,12.18,2.11,0.28
"439","KK36@7",NA,NA,190000,210000,"Nicholson1991","NNVZ",49.91,1.2,14.62,11.17,8.07,12.57,2.05,0.12
"440","KK56@2",NA,NA,3000,8500,"Nicholson1991","NNVZ",74.37,0.37,12.21,3.46,0.32,2.57,3.74,2.82
"441","KK158","Krofluhals",1,10600,10600,"Nicholson1991","NNVZ",49.95,1.19,14.49,11.09,8.11,12.74,2,0.14
"442","KRA08","Kroflueldar",0.25,25,35,"Maclennan2004","NNVZ",49.303,1.651,14.86,12.024,7.696,11.836,2.04,0.216
"443","KRA09","Kroflueldar",0.25,25,35,"Maclennan2004","NNVZ",49.343,1.662,14.822,12.068,7.638,11.86,2.015,0.218
"444","KK18@7",NA,NA,190000,210000,"Nicholson1991","NNVZ",50.92,0.9,18.17,8.43,5.89,12.97,2.17,0.28
"445","KK37@7",NA,NA,190000,210000,"Nicholson1991","NNVZ",51.22,2.06,13.31,14.78,5.42,9.76,2.59,0.42
"446","KK121@2",NA,NA,3000,8500,"Nicholson1991","NNVZ",62.41,1.22,16.42,8.61,2.31,4.95,2.69,1
"447","KK122@2",NA,NA,3000,8500,"Nicholson1991","NNVZ",50.71,2.17,13.43,15.7,5.68,9.35,2.15,0.33
"448","KRA10","Kroflueldar",0.25,25,35,"Maclennan2004","NNVZ",49.377,1.626,14.858,11.975,7.731,11.798,2.054,0.217
"449","KRA11","Kroflueldar",0.25,25,35,"Maclennan2004","NNVZ",49.386,1.635,14.865,12.024,7.695,11.789,2.017,0.218
"450","KRA12","Kroflueldar",0.25,25,35,"Maclennan2004","NNVZ",49.401,1.662,14.796,12.168,7.559,11.669,2.145,0.227
"451","KRA13","Kroflueldar",0.25,25,35,"Maclennan2004","NNVZ",49.309,1.631,14.966,11.953,7.705,11.793,2.055,0.22
"452","KRA13","Kroflueldar",0.25,25,35,"Maclennan2004","NNVZ",49.295,1.645,14.912,12.026,7.682,11.769,2.079,0.221
"453","KRA13","Kroflueldar",0.25,25,35,"Maclennan2004","NNVZ",49.263,1.638,14.938,12.042,7.701,11.819,2.008,0.219
"454","KK21","KraflaMountain",0.3,12000,70000,"Nicholson1991","NNVZ",48.7,1.44,15.13,10.99,9.06,12.31,1.93,0.12
"455","KK22","KraflaMountain",0.3,12000,70000,"Nicholson1991","NNVZ",50.72,1.52,16.05,10.64,7.42,11.25,1.88,0.23
"456","KK25","Hrafntinnuhryggur",NA,12000,70000,"Hemond1993","NNVZ",67.78,0.75,13.36,6.05,1.53,4.42,3.72,2.06
"457","KK29","Hrafntinnuhryggur",NA,12000,70000,"Hemond1993","NNVZ",75.28,0.26,12.16,3.12,0.06,1.61,4.55,2.87
"458","KK31","Hrafntinnuhryggur",NA,12000,70000,"Hemond1993","NNVZ",48.94,0.79,15.96,9.79,9.55,13.22,1.42,0.08
"459","KK62@7",NA,NA,190000,210000,"Nicholson1991","NNVZ",51.08,2.12,13.23,15.05,5.37,9.57,2.7,0.42
"460","KK113","Holseldar",0.15,2300,2500,"Nicholson1991","NNVZ",50.23,1.8,13.75,14.04,6.42,10.73,2.33,0.29
"461","KK66","Earlypostglacialeruptions",0.01,8500,12000,"Nicholson1991","NNVZ",51.05,2.03,13.41,14.73,5.45,9.81,2.67,0.41
"462","KK32","HyaloclastiteRidges1.15km3",1.15,12000,70000,"Nicholson1991","NNVZ",49.32,1.09,15.01,10.56,8.57,13.06,1.97,0.12
"463","KK33","HyaloclastiteRidges1.15km3",1.15,12000,70000,"Nicholson1991","NNVZ",50.09,1.12,16.8,9.71,7.03,12.62,2.07,0.24
"464","KRA16","Kroflueldar",0.25,25,35,"Maclennan2004","NNVZ",49.331,1.608,14.926,11.941,7.704,11.886,2.026,0.216
"465","KRA14","Kroflueldar",0.25,25,35,"Maclennan2004","NNVZ",49.39,1.623,14.828,12.019,7.736,11.826,1.995,0.215
"466","KK123","Holseldar",0.15,2400,2500,"Nicholson1991","NNVZ",50.29,1.8,13.81,14.06,6.37,10.65,2.34,0.28
"467","IC9",NA,NA,12000,70000,"Nicholson1991","NNVZ",75.66,0.24,12.12,3.3,0.04,1.7,4.08,2.73
"468","KK114","Holseldar",0.15,2300,2500,"Nicholson1991","NNVZ",50.09,1.8,13.81,14.06,6.57,10.71,2.27,0.28
"469","KK63","HyaloclastiteRidges1.15km3",1.15,12000,70000,"Nicholson1991","NNVZ",49.47,2.04,14.34,12.33,6.95,11.76,2.39,0.25
"470","KK65","Krofluhals",1,10600,10600,"Nicholson1991","NNVZ",49.98,1.04,16.38,9.77,7.3,13.11,2,0.15
"471","KRA15","Kroflueldar",0.25,25,35,"Maclennan2004","NNVZ",49.325,1.616,14.921,11.941,7.712,11.82,2.084,0.217
"472","KK124@5",NA,NA,70000,120000,"Nicholson1991","NNVZ",50.46,1.89,13.44,14.51,6.02,10.49,2.47,0.3
"473","KK83@7",NA,NA,190000,210000,"Nicholson1991","NNVZ",51,2.01,13.5,14.7,5.45,9.79,2.7,0.4
"474","KK82@7",NA,NA,190000,210000,"Nicholson1991","NNVZ",50.7,1.65,13.96,12.73,6.58,11.34,2.39,0.26
"475","KK8@7",NA,NA,190000,210000,"Nicholson1991","NNVZ",51.72,2.46,13.03,15.08,4.86,9.09,2.67,0.54
"476","KK9@7",NA,NA,190000,210000,"Nicholson1991","NNVZ",63.21,1.38,12.75,9.25,2.56,5.54,3.44,1.53
"477","KK70@7",NA,NA,190000,210000,"Nicholson1991","NNVZ",50.49,1.99,14.69,13.15,5.76,10.49,2.55,0.4
"478","KK76@7",NA,NA,190000,210000,"Nicholson1991","NNVZ",49.47,0.93,19.31,9.07,5.44,13.46,1.96,0.12
"479","KK77@7",NA,NA,190000,210000,"Nicholson1991","NNVZ",57.69,1.91,12.9,12.06,3.7,7.22,3.02,1.03
"480","KK78","Krofluhals",1,10600,10600,"Nicholson1991","NNVZ",48.86,0.73,16.1,9.41,9.73,13.25,1.64,0.06
"481","KK16@7",NA,NA,190000,210000,"Nicholson1991","NNVZ",49.6,1.53,14.14,11.83,7.73,12.57,2.08,0.17
"482","KK11@7",NA,NA,190000,210000,"Nicholson1991","NNVZ",49.65,1.6,15.52,10.79,7.34,12.26,2.22,0.26
"483","KK73@7",NA,NA,190000,210000,"Nicholson1991","NNVZ",50.58,1.73,14.07,12.47,6.69,11.44,2.36,0.27
"484","KK75@7",NA,NA,190000,210000,"Nicholson1991","NNVZ",49.07,1.38,17.76,9.35,6.68,13.39,1.92,0.14
"485","KK69","HyaloclastiteRidges1.15km3",1.15,12000,70000,"Nicholson1991","NNVZ",49.91,2.07,15.77,13.77,5.25,10.04,2.31,0.38
"486","KK71@7",NA,NA,190000,210000,"Nicholson1991","NNVZ",49.49,1.65,15.14,11.05,7.33,12.59,2.17,0.21
"487","KK72@7",NA,NA,190000,210000,"Nicholson1991","NNVZ",50.07,1.74,14.04,12.76,6.79,11.5,2.43,0.27
"488","KK10@7",NA,NA,190000,210000,"Nicholson1991","NNVZ",52.48,1.73,15.31,12.97,5.72,9.53,1.53,0.36
"489","KK6@7",NA,NA,190000,210000,"Nicholson1991","NNVZ",76.26,0.43,13.16,1.66,0.05,1.52,4.21,2.64
"490","KK7@7",NA,NA,190000,210000,"Nicholson1991","NNVZ",73.7,0.43,12.49,4.01,0.25,2.11,4.31,2.52
"491","IC45","Burfellshraun",1.8,3200,3200,"Hardarson1997Kempton2000","NNVZ",49.09,1.64,14.91,12.03,7.37,12.1,2.29,0.2
"492","IC161","Burfellshraun",1.8,3200,3200,"Hardarson1997","NNVZ",49.09,1.51,15.39,11.28,7.74,11.94,2.53,0.18
"493","KK67@7",NA,NA,190000,210000,"Nicholson1991","NNVZ",74.74,0.31,12.05,3.73,0.17,1.86,4.34,2.66
"494","KK79@7",NA,NA,190000,210000,"Nicholson1991Fitton2003","NNVZ",50.48,0.82,15.11,9.52,8.01,13.9,1.87,0.05
"495","KK80@7",NA,NA,190000,210000,"Nicholson1991","NNVZ",51.6,2.71,13.78,13.54,4.93,9.52,2.59,0.66
"496","l9343","Eilifur",0.01,12000,70000,"Maclennan2001","NNVZ",49.22,1.5,16.2,10.22,7.43,12.75,2.07,0.27
"497","KK157@7",NA,NA,190000,210000,"Nicholson1991","NNVZ",51.62,2.63,13.28,14.78,4.75,8.89,2.84,0.61
"498","Virkisfell",NA,NA,12000,800000,"Hoskuldsson2006","NNVZ",50.05,3.51,12.39,15.29,4.71,9.94,2.75,0.65
"499","Karlshryggur",NA,NA,12000,800000,"Hoskuldsson2006","NNVZ",50.84,3.47,13.03,15.16,4.63,9.11,2.4,0.64
"500","Karlsrani",NA,NA,12000,800000,"Hoskuldsson2006","NNVZ",49.34,3.51,12.98,15.79,4.77,8.93,2.83,0.67
"501","9322","Asbyrgi",NA,0,12000,"Stracke2003a","NNVZ",48.064,1.623,14.886,11.753,9.514,11.631,2.026,0.161
"502","9323","Asbyrgi",NA,0,12000,"Stracke2003a","NNVZ",47.707,1.803,15.642,11.585,9.493,11.198,2.105,0.135
"503","9324","Asbyrgi",NA,0,12000,"Stracke2003a","NNVZ",47.589,1.872,15.536,11.962,8.899,11.542,2.112,0.147
"504","9366","Draugarhraun",0.1,0,12000,"Stracke2003a","NNVZ",51.095,2.018,13.376,14.774,5.493,9.731,2.651,0.419
"505","9396","Draugarhraun",0.1,0,12000,"Stracke2003a","NNVZ",51.132,2.007,13.403,14.71,5.476,9.772,2.642,0.424
"506","Vegarskard",NA,NA,12000,800000,"Hoskuldsson2006","NNVZ",49.34,3.56,13.06,15.48,4.79,9.21,2.75,0.67
"507","Lindarhryggur",NA,NA,12000,800000,"Hoskuldsson2006","NNVZ",48.64,3.76,13.12,15.54,4.89,9.45,2.87,0.7
"508","H18",NA,NA,1150,12000,"Kokfelt2006","NNVZ",49.98,1.76,13.9,12.8,6.9,11.76,2.27,0.25
"509","IC50","Dettifoss",NA,70000,210000,"Hardarson1997","NNVZ",49.88,2.22,13.98,13.27,6.57,10.71,2.66,0.27
"510","IC51","Dettifoss",NA,70000,210000,"Hardarson1997","NNVZ",49.15,1.57,16.04,10.64,7.45,12.35,2.32,0.15
"511","IC46","Sveinahraun",0.19,130,140,"Hardarson1997","NNVZ",50.86,2.73,12.99,15.57,4.79,9.02,2.94,0.52
"512","H26","Sveinahraun",0.19,130,140,"Kokfelt2006","NNVZ",50.66,2.79,13,15.8,4.74,9.19,2.75,0.53
"513","H131","Krafla",0.25,0,1150,"Kokfelt2006","NNVZ",50.33,2.09,13.51,14.82,5.94,10.49,2.04,0.33
"514","IC52","Randarholar",0.05,1150,12000,"Hardarson1997","NNVZ",50.13,1.58,14.38,12.07,7.35,11.41,2.5,0.22
"515","H20","Randarholar",NA,1150,12000,"Kokfelt2006","NNVZ",49.96,1.75,13.89,12.93,6.88,11.75,2.23,0.24
"516","NV43","Nyarhraun",NA,140,140,"Koornneef2012","NNVZ",50.687,2.81,12.775,15.615,4.801,9.208,2.982,0.526
"517","IC49","Fosshraun",0,0,12000,"Hardarson1997","NNVZ",51.04,1.91,13.97,12.95,6.24,10.42,2.67,0.37
"518","Kreppuhryggur",NA,NA,12000,800000,"Hoskuldsson2006","NNVZ",50.31,3.52,13.1,14.61,4.91,9.6,2.42,0.73
"519","H19","Gaesavatn",NA,1150,120000,"Kokfelt2006","NNVZ",50.05,1.7,13.96,12.61,6.97,11.81,2.28,0.24
"520","NAL33",NA,NA,NA,NA,"Condomines1983","NNVZ",48.831,0.597,15.912,8.841,9.677,14.222,1.661,0.01
"521","84-05@1",NA,0.25,25,35,"Nicholson1991","NNVZ",50.45,2.09,13.34,14.75,5.96,10.31,2.33,0.33
"522","84-19@1",NA,0.25,25,35,"Nicholson1991","NNVZ",48.99,1.48,14.86,11.64,8.7,11.7,2.09,0.2
"523","KK13@7",NA,NA,190000,210000,"Nicholson1991","NNVZ",49.9,2.01,13.07,15.28,5.87,10.82,2.34,0.23
"524","KK131@7",NA,NA,190000,210000,"Nicholson1991","NNVZ",50.69,2.12,14.18,13.94,5.57,10.14,2.44,0.43
"525","KK2@7",NA,NA,190000,210000,"Nicholson1991","NNVZ",50.18,1.43,14.52,12.54,7.15,11.49,2.16,0.18
"526","KK35@7",NA,NA,190000,210000,"Nicholson1991","NNVZ",57.96,1.33,15.67,9.62,3.35,7.29,3.53,0.82
"527","KK81@7",NA,NA,190000,210000,"Nicholson1991","NNVZ",49.7,0.69,15.59,9.39,9.01,13.68,1.66,0.05
"528","KK84@7",NA,NA,190000,210000,"Nicholson1991","NNVZ",50.06,1.83,13.53,14.64,6.53,10.67,2.1,0.22
"529","IC48","Jokulsa",NA,70000,210000,"Hardarson1997","NNVZ",50.75,2.37,14.15,12.57,5.78,10.16,3.15,0.59
